"abbreviation","name","participating","not_participating_tooltip_en","not_participating_tooltip_es","requires_race","race_tooltip_en","race_tooltip_es","requires_party","party_tooltip_en","party_tooltip_es","parties_en","parties_es","no_party_en","no_party_es","id_length_min","id_length_max","id_number_tooltip_en","id_number_tooltip_es","sos_address","sos_phone","sos_url","sub_18_en","sub_18_es"
"AL","Alabama","1","","","1","The state of Alabama requires information about your race or ethnicity.  Your application will not be rejected if you fail to provide this information.","Alabama requiere información acerca de su raza u origen étnico. No rechazarán su solicitud si no incluye esta información.","1","You do not have to register with a party if you want to take part in that party's primary election, caucus, or convention, and can choose any presidential primary ballot (but not both) regardless of registration.","No necesita registrarse con un partido político si desea participar en la elección primaria, camarilla política o convención de ese partido, y puede elegir cualquier boleta presidencial primaria (pero no ambas), independientemente del registro.","Democratic, Independent, Green, Libertarian, Republican, Other","Democrático, Independiente, Verde, Libertario, Republicano, Otros","None","Ninguno","6","60","Please provide your Social Security number.  If you do not have a Social Security number, please enter ""NONE"" and a number will be assigned to you by the state.","Indique su número de seguro social. Si no tiene número de seguro social, ingrese “NINGUNO”, y el estado le asignará un número.","Office of the Secretary of State<br>Elections Division<br>P.O. Box 5616<br>Montgomery, AL 36103-5616","(800) 274-VOTE","http://www.sos.state.al.us/Elections/Default.aspx","if you will be 18 by the next election","si vas a cumplir 18 años antes de la próxima elección"
"AK","Alaska","1","","","0","The state of Alaska does not request information about your race or ethnicity.  However, we would appreciate this information in order to measure the effectiveness of our voter registration efforts.  This information will NOT appear on your printed voter registration form.","Alaska no solicita información acerca de su raza u origen étnico.  Sin embargo, we apreciaría tu información para poder medir la efectividad de nuestros esfuerzos para registrar votantes.  Esta información NO APARECERÁ en tu forma impresa de registro para votar.","1","Alaska has a closed primary election and a caucus system for president. Each recognized political party may choose to have a separate ballot listing only candidates from their political party, or recognized political parties may choose to combine their candidates on one ballot. Recognized political parties may also choose what political affiliations may participate in their primary election. A voter's political affiliation 30 days prior to Election Day will determine which ballot a voter may choose; however, a voter may only choose one ballot.","Alaska tiene un sistema de elección primaria cerrada y camarilla política. Cada partido político reconocido tiene una boleta electoral separada, que enumera únicamente a los candidatos de ese partido político. Los votantes registrados como miembros de un partido político sólo pueden votar por la boleta electoral de ese partido. Los votantes registrados como no declarados pueden elegir una boleta de las que se encuentran disponibles.","Democratic, Independent, Green, Libertarian, Republican, Other","Democrático, Independiente, Verde, Libertario, Republicano, Otros","None","Ninguno","6","60","You must provide your Alaska driver's license number or state identification card number.  If you do not have either of those, you must provide the last four digits of your Social Security number.  If you do not have any of these identification numbers, please enter ""NONE"" and a unique identification number will be assigned to you by the state for voter registration purposes.","Debe indicar el número de su licencia de conducir de Alaska o el número de tarjeta de identificación. Si no posee ninguno de los dos, debe indicar los últimos cuatro dígitos de su número de seguro social. Si no posee ninguno de estos números de identificación, ingrese “NINGUNO”, y el estado le asignará un número único de identificación para fines de registro como votante.","State of Alaska<br>Division of Elections<br>PO Box 110017<br>Juneau, AK 99811-0017","(907) 465-4611","http://www.elections.alaska.gov/","90 days before your 18th birthday","90 dias antes de su cumpleaños de 18"
"AZ","Arizona","1","","","0","The state of Arizona does not request information about your race or ethnicity.  However, we would appreciate this information in order to measure the effectiveness of our voter registration efforts.  This information will NOT appear on your printed voter registration form.","Arizona no solicita información acerca de su raza u origen étnico.  Sin embargo, we apreciaría tu información para poder medir la efectividad de nuestros esfuerzos para registrar votantes.  Esta información NO APARECERÁ en tu forma impresa de registro para votar.","1","For presidential preference elections, the registrant needs to be registered under a recognized party. For all other primary elections, voters registered as independent, no party preference or members of a party without ballot recognition are allowed to vote in the partisan Primary Election of their choice of one of the recognized political parties. Voters who are registered with a recognized political party will receive their political party's early ballot. Only registered members of the Arizona Libertarian Party may vote in the Libertarian Party Primary Election.","Arizona tiene una elección primaria cerrada. Si está registrado en un partido político que reúne las condiciones para reconocimiento de boletas, se le permitirá votar por esa boleta de elección primaria de ese partido. Si está registrado como independiente, sin preferencia de partido o como miembro de un partido que no reúne las condiciones para reconocimiento de boleta, puede seleccionar y votar por una boleta de elección primaria y por uno de los partidos políticos reconocidos.","Democratic, Independent, Green, Libertarian, Republican, Other","Democrático, Independiente, Verde, Libertario, Republicano, Otros","None","Ninguno","6","60","If you have an Arizona driver's license or non-operating identification issued after October 1, 1996, write the number in box 6 on the NVRA form. This will serve as proof of citizenship and no additional documents are needed. If not, you must attach proof of citizenship to the form. Only one acceptable form of proof is needed to register to vote.","Debe proporcionar el número de su licencia de conducir de Arizona o un número de licencia de identificación no operativa. Si no tiene una licencia de conducir o un número de identificación no operativa, debe proporcionar los últimos cuatro dígitos de su número de Seguro Social. Si no posee ninguno de estos tipos de identificación, ingrese ""NINGUNO"" y el Estado le asignará un número de identificación único.","Secretary of State<br>Elections Department<br>1700 W. Washington, 7th Floor<br>Phoenix, AZ 85007-2888","(877) 843-8683","http://www.azsos.gov/election/","if you will turn 18 before the next general election (which is usually in November)","si vas a cumplir 18 años antes de las elecciones generales (que es generalmente en noviembre)"
"AR","Arkansas","1","","","0","The state of Arkansas does not request information about your race or ethnicity.  However, we would appreciate this information in order to measure the effectiveness of our voter registration efforts.  This information will NOT appear on your printed voter registration form.","Arkansas no solicita información acerca de su raza u origen étnico.  Sin embargo, we apreciaría tu información para poder medir la efectividad de nuestros esfuerzos para registrar votantes.  Esta información NO APARECERÁ en tu forma impresa de registro para votar.","1","You do not have to register with a party if you want to take part in that party's primary election, caucus, or convention.","No necesita registrarse con un partido si desea participar en la elección primaria, camarilla política o convención de ese partido.","Democratic, Independent, Green, Libertarian, Republican, Other","Democrático, Independiente, Verde, Libertario, Republicano, Otros","None","Ninguno","6","60","You must provide your Arkansas driver's license number or non-operating identification license number.  If you do not have a driver's license or non-operating identification number, you must provide the last four digits of your Social Security number.  If you do not have any of these forms of identification, please enter ""NONE"" and a unique identifying number will be assigned by the state.","Debe proporcionar el número de su licencia de conducir de Arkansas o un número de licencia de identificación no operativa. Si no tiene una licencia de conducir o un número de identificación no operativa, debe proporcionar los últimos cuatro dígitos de su número de seguro social. Si no posee ninguno de estos tipos de identificación, ingrese ""NINGUNO"", y el Estado le asignará un número de identificación único.","Secretary of State<br>ATTN: Voter Registration<br>P.O. Box 8111<br>Little Rock, AR 72203-8111","(501) 682-3526","http://www.sosweb.state.ar.us/elections.html","if you will turn 18 before the next election","si vas a cumplir 18 años antes de la próxima elección"
"CA","California","1","","","0","The state of California does not request information about your race or ethnicity.  However, we would appreciate this information in order to measure the effectiveness of our voter registration efforts.  This information will NOT appear on your printed voter registration form.","California no solicita información acerca de su raza u origen étnico.  Sin embargo, we apreciaría tu información para poder medir la efectividad de nuestros esfuerzos para registrar votantes.  Esta información NO APARECERÁ en tu forma impresa de registro para votar.","1","California law allows voters who decline to state an affiliation with a qualified political party or who affiliate with a nonqualified political party to vote in the primary election of any qualified political party that files a notice with the Secretary of State allowing them to do so.  You can call 1-800-345-VOTE or visit www.ss.ca.gov/elections/elections_d.htm to learn which political parties are allowing nonaffiliated voters to participate in their primary election.","La ley de California permite que los votantes que se niegan a declarar una afiliación con un partido político calificado o que están afiliados a un partido político no calificado voten en la elección primaria de cualquier partido político calificado que presente un aviso ante al Secretario de Estado, por el cual les permita a los votantes proceder de esa manera. Puede llamar al 1-800-345-VOTE o visitar www.ss.ca.gov/elections/elections_d.htm para saber qué partidos políticos les permiten participar en su elección primaria a los votantes no afiliados.","Democratic, Independent, Green, Libertarian, Republican, Other","Democrático, Independiente, Verde, Libertario, Republicano, Otros","Decline to State","Se niega a declarar","6","60","You must provide your California driver's license or California identification card number.  If you do not have either a driver's license or ID card, you must provide the last four digits of your Social Security number.  If you do not include this information, you will be required to provide identification when you vote.","Debe proporcionar el número de su licencia de conducir de California o el número de su tarjeta de identificación de California. Si no tiene una licencia de conducir o una tarjeta de identificación, debe proporcionar los últimos cuatro dígitos de su número de seguro social. Si no incluye esta información, deberá proporcionar una identificación cuando vaya a votar.","Secretary of State<br>Elections Division<br>1500 11th Street 5th floor<br>Sacramento, CA 95814","(800) 345-VOTE","http://www.sos.ca.gov/elections/","if you will turn 18 before the next election","si vas a cumplir 18 años antes de la próxima elección"
"CO","Colorado","1","","","0","The state of Colorado does not request information about your race or ethnicity.  However, we would appreciate this information in order to measure the effectiveness of our voter registration efforts.  This information will NOT appear on your printed voter registration form.","Colorado no solicita información acerca de su raza u origen étnico.  Sin embargo, we apreciaría tu información para poder medir la efectividad de nuestros esfuerzos para registrar votantes.  Esta información NO APARECERÁ en tu forma impresa de registro para votar.","1","You must register with a party if you want to take part in that party's primary election, caucus, or convention. In order to vote in a party's caucus, you must have been affiliated with the part for at least 2 months before the caucus is held. To vote in a party's primary election, you may declare your affiliation with the party at any time up to and including the day of the primary election.","Debe registrarse con un partido si desea participar en la elección primaria, camarilla política o convención de ese partido.","Democratic, Independent, Green, Libertarian, Republican, Other","Democrático, Independiente, Verde, Libertario, Republicano, Otros","None","Ninguno","6","60","You must provide your Colorado driver's license number or identification number (issued by the Colorado department of revenue).  If you do not have a driver's license or identification number. If you do not have any of these forms of identification, you must indicate this on the form via the appropriate checkbox and provide the last four digits of your social security number. If you do not have any of these forms of identification, the secretary of state will assign you a unique identifying number.","Debe proporcionar el número de su licencia de conducir de Colorado o su número de identificación. No incluya los guiones. Si no tiene una licencia de conducir o un número de identificación, debe proporcionar los últimos cuatro dígitos de su número de seguro social. Si no posee ninguno de estos tipos de identificación, ingrese ""NINGUNO"", y el Estado le asignará un número de identificación único.","Secretary of State<br>c/o Elections<br>1700 Broadway, Suite 200<br>Denver, CO 80290-0301","(303) 894-2200","http://www.sos.state.co.us/pubs/elections/","if you will turn 18 before the next election","si vas a cumplir 18 años antes de la próxima elección"
"CT","Connecticut","1","","","0","The state of Connecticut does not request information about your race or ethnicity.  However, we would appreciate this information in order to measure the effectiveness of our voter registration efforts.  This information will NOT appear on your printed voter registration form.","Connecticut no solicita información acerca de su raza u origen étnico.  Sin embargo, we apreciaría tu información para poder medir la efectividad de nuestros esfuerzos para registrar votantes.  Esta información NO APARECERÁ en tu forma impresa de registro para votar.","1","You must register with a party if you want to take part in that party's primary election, caucus, or convention.","Debe registrarse con un partido si desea participar en la elección primaria, camarilla política o convención de ese partido.","Democratic, Independent, Green, Libertarian, Republican, Other","Democrático, Independiente, Verde, Libertario, Republicano, Otros","None","Ninguno","6","60","You must provide your Connecticut driver's license number.  If you do not have a driver's license, please provide the last four digits of your Social Security number.  If you have neither a driver's license nor a Social Security number, please provide a copy of a current and valid photo I.D. or a copy of a current utility bill, bank statement, government check, paycheck, or government document that shows your name and address, in order to avoid additional ID requirements the first time you vote.","Debe proporcionar el número de su licencia de conducir de Connecticut. Si no tiene una licencia de conducir, debe proporcionar los últimos cuatro dígitos de su número de seguro social. Si no posee licencia de conducir ni número de seguro social, ingrese ""NINGUNO"", y el Estado le asignará un número de identificación.","Secretary of State<br>Legislation and Election Adminstration<br>30 Trinity Street<br>Hartford, CT 06106","(800) 509-6100","http://www.sots.ct.gov/sots/cwp/view.asp?a=3&Q=415810&sotsNav=|","once you have turned 17 years old","una vez que cumples 17 años de edad"
"DE","Delaware","1","","","0","The state of Delaware does not request information about your race or ethnicity.  However, we would appreciate this information in order to measure the effectiveness of our voter registration efforts.  This information will NOT appear on your printed voter registration form.","Delaware no solicita información acerca de su raza u origen étnico.  Sin embargo, we apreciaría tu información para poder medir la efectividad de nuestros esfuerzos para registrar votantes.  Esta información NO APARECERÁ en tu forma impresa de registro para votar.","1","You must register with a party if you want to take part in that party's primary election, caucus, or convention.","Debe registrarse con un partido si desea participar en la elección primaria, camarilla política o convención de ese partido.","Democratic, Independent, Green, Libertarian, Republican, Other","Democrático, Independiente, Verde, Libertario, Republicano, Otros","None","Ninguno","6","60","You must provide your Delaware driver's license number or non-operating identification license number.  If you do not have a driver's license or non-operating identification number, you must provide the last four digits of your Social Security number.  If you do not have any of these forms of identification, please enter ""NONE"" and a unique identifying number will be assigned by the state.","Debe proporcionar el número de su licencia de conducir de Delaware o un número de licencia de identificación no operativa. Si no tiene licencia de conducir ni número de identificación no operativa, debe proporcionar los últimos cuatro dígitos de su número de seguro social. Si no posee ninguno de estos tipos de identificación, ingrese ""NINGUNO"", y el Estado le asignará un número de identificación único.","Office of the State Election Commissioner<br>905 S. Governors Ave, Suite 170<br>Dover, DE 19904","(302) 739-4277","http://elections.delaware.gov/","if you will turn 18 before the next election","si vas a cumplir 18 años antes de la próxima elección"
"DC","District of Columbia","1","","","0","The District of Columbia does not request information about your race or ethnicity.  However, we would appreciate this information in order to measure the effectiveness of our voter registration efforts.  This information will NOT appear on your printed voter registration form.","Washington, D.C. no solicita información acerca de su raza u origen étnico.  Sin embargo, we apreciaría tu información para poder medir la efectividad de nuestros esfuerzos para registrar votantes.  Esta información NO APARECERÁ en tu forma impresa de registro para votar.","1","You must register with a party if you want to take part in that party's primary election, caucus, or convention. You may not change your party affiliation status within 30 days of a partisan primary election.","Debe registrarse con un partido si desea participar en la elección primaria, camarilla política o convención de ese partido.","Democratic, Independent, Green, Libertarian, Republican, Other","Democrático, Independiente, Verde, Libertario, Republicano, Otros","None","Ninguno","6","60","You must provide either your driver's license number or the last four digits of your Social Security number.  If you have neither a driver's license nor a Social Security number, please enter ""NONE"" and an identification number will be assigned to you by the state.","Debe proporcionar el número de su licencia de conducir o los últimos cuatro dígitos de su número de seguro social. Si no posee licencia de conducir ni número de seguro social, ingrese ""NINGUNO"", y el Estado le asignará un número de identificación.","District of Columbia Board of Elections & Ethics<br>441 4th Street, NW, Suite 250 North<br>Washington, DC 20001-2745","(202) 727-2525","http://www.dcboee.org/","when the person is at least 16 years of age","si vas a cumplir 18 años antes de la próxima elección"
"FL","Florida","1","","","1","The state of Florida requests information about your race or ethnicity.  Your application will not be rejected if you fail to provide this information.","Florida solicita información acerca de su raza u origen étnico. No rechazarán su solicitud si no incluye esta información.","1","You must register with a party if you want to take part in that party's primary election, caucus, or convention.","Debe registrarse con un partido si desea participar en la elección primaria, camarilla política o convención de ese partido.","Democratic, Independent, Green, Libertarian, Republican, Other","Democrático, Independiente, Verde, Libertario, Republicano, Otros","None","Ninguno","6","60","You must provide your Florida driver's license number or non-operating identification license number.  If you do not have a driver's license or non-operating identification number, you must provide the last four digits of your Social Security number.  If you do not have any of these forms of identification, please enter ""NONE"" and a unique identifying number will be assigned by the state.","Debe proporcionar el número de su licencia de conducir de Florida o el número de su tarjeta de identificación estatal. Si no tiene ninguno de estos números, debe proporcionar los últimos cuatro dígitos de su número de seguro social. Si no posee una licencia de conducir, una tarjeta de identificación o un número de Seguro Social, ingrese ""NINGUNO"", y el Estado le asignará un número de identificación.","Florida Department of State, Division of Elections<br>The R.A. Gray Building<br>500 Bronough Street<br>Tallahassee, FL  32399-0250","(850) 245-6200","http://election.dos.state.fl.us/","when the person is 16 years old","una vez que hayas cumplido los 16 años de edad (pero no puedes votar hasta que cumples los 18 anos)"
"GA","Georgia","1","","","1","Your application will not be rejected if you fail to provide information pertaining to gender and race/ethnicity.","Georgia solicita información acerca de su raza u origen étnico. No rechazarán su solicitud si no incluye esta información.","1","You do not register by political party in Georgia. However, in order to vote in a primary, you must request one particular party's ballot.","No necesita registrarse con un partido político para poder registrarse para votar.","Democratic, Independent, Green, Libertarian, Republican, Other","Democrático, Independiente, Verde, Libertario, Republicano, Otros","None","Ninguno","6","60","You must provide your Georgia driver's license number or state-issued identification number.  If you do not have either of those, you must provide the last four digits of your Social Security number.  If you do not have any of the requested identification numbers, please enter ""NONE"" and you will be assigned a unique identification number by the state.","Debe proporcionar el número de su licencia de conducir de Georgia o el número de identificación emitido por el Estado. Si no tiene ninguno de estos números, debe proporcionar los últimos cuatro dígitos de su número de seguro social. Si no posee ninguno de estos números de identificación solicitados, ingrese ""NINGUNO"", y el Estado le asignará un número de identificación único.","Secretary of State<br>Elections Division<br>2 Martin Luther King Jr. Dr. Suite 802<br>Floyd West Tower<br>Atlanta, GA 30334-1505","(404) 656-2871","http://www.sos.state.ga.us/elections/","six months before your 18th birthday.","seis meses antes que cumples 18 años"
"HI","Hawaii","1","","","0","The state of Hawaii does not require information about your race or ethnicity.  However, we would appreciate this information in order to measure the effectiveness of our voter registration efforts.  This information will NOT appear on your printed voter registration form.","Hawaii no requiere información acerca de su raza u origen étnico. Sin embargo, we apreciaría tu información para poder medir la efectividad de nuestros esfuerzos para registrar votantes.  Esta información NO APARECERÁ en tu forma impresa de registro para votar.","1","You do not have to register with a political party to register to vote.","No necesita registrarse con un partido político para poder registrarse para votar.","Democratic, Independent, Green, Libertarian, Republican, Other","Democrático, Independiente, Verde, Libertario, Republicano, Otros","None","Ninguno","6","60","Your full social security number is required. It is used to prevent fraudulent registration and voting. Failure to furnish this information will prevent acceptance of this application.","Debe proporcionar su número de seguro social completo. Si no posee un número de seguro social, ingrese ""NINGUNO"", y el Estado le asignará un número de identificación.","Office of Elections<br>State of Hawaii<br>802 Lehua Avenue<br>Pearl City, HI 96782","(808) 453-8683","http://www.hawaii.gov/elections/","once you have turned 16 years old (but you cannot vote until you turn 18)","una vez que hayas cumplido los 16 años de edad (pero no puedes votar hasta que cumples los 18 anos)"
"ID","Idaho","1","","","0","The state of Idaho does not request information about your race or ethnicity.  However, we would appreciate this information in order to measure the effectiveness of our voter registration efforts.  This information will NOT appear on your printed voter registration form.","Idaho no solicita información acerca de su raza u origen étnico.  Sin embargo, we apreciaría tu información para poder medir la efectividad de nuestros esfuerzos para registrar votantes.  Esta información NO APARECERÁ en tu forma impresa de registro para votar.","1","You must register with a party if you want to participate in that party's election. Enter your Political Party Preference. Options: Constitution, Democratic, Libertarian, Republican or Unaffiliated (i.e. no party preference). If this field is left blank, you will receive on only the Unaffiliated ballot.","No necesita registrarse con un partido político para poder registrarse para votar.","Democratic, Independent, Green, Libertarian, Republican, Other","Democrático, Independiente, Verde, Libertario, Republicano, Otros","None","Ninguno","6","60","You must provide your Idaho driver's license number.  If you do not have a driver's license, please enter the last four digits of your Social Security number.  If you do not have a driver's license number or Social Security number, please enter ""NONE"" and the state will assign you an identification number.","Debe proporcionar el número de su licencia de conducir de Idaho. Si no tiene licencia de conducir, debe ingresar los últimos cuatro dígitos de su número de seguro social. Si no posee un número de licencia de conducir ni un número de seguro social, ingrese ""NINGUNO"", y el Estado le asignará un número de identificación.","Idaho Secretary of State's Office<br>Attn: Elections Division<br>P.O. Box 83720<br>Boise, ID 83720-0080","(208) 334-2300","http://www.sos.idaho.gov/elect/eleindex.htm","if you will turn 18 before the next election","si vas a cumplir 18 años antes de la próxima elección"
"IL","Illinois","1","","","0","The state of Illinois does not request information about your race or ethnicity.  However, we would appreciate this information in order to measure the effectiveness of our voter registration efforts.  This information will NOT appear on your printed voter registration form.","Illinois no solicita información acerca de su raza u origen étnico.  Sin embargo, we apreciaría tu información para poder medir la efectividad de nuestros esfuerzos para registrar votantes.  Esta información NO APARECERÁ en tu forma impresa de registro para votar.","1","Party registration or preference is not required for voter registration.  However, when you apply for a primary ballot, you must indicate your party preference for that election.","No se requiere el registro en un partido ni la preferencia por otro para el registro de votantes. Sin embargo, cuando solicita un boleta primaria, debe indicar su preferencia de partido para esa elección.","Democratic, Independent, Green, Libertarian, Republican, Other","Democrático, Independiente, Verde, Libertario, Republicano, Otros","None","Ninguno","6","60","You must provide your driver's license number.  If you do not have a driver's license, please provide the last four digits of your Social Security number.  If you have neither, please enter ""NONE"" and a unique identifier will be assigned to you by the state.","Debe proporcionar el número de su licencia de conducir. Si no tiene licencia de conducir, debe proporcionar los últimos cuatro dígitos de su número de seguro social. Si no posee ninguno de estos números, ingrese ""NINGUNO"", y el Estado le asignará una identificación única.","llinois State Board of Elections<br>Voter Registration Department<br>2329 S. MacArthur Boulevard<br>Springfield, IL 62704","(217) 782-4141","http://www.elections.il.gov/","if you will turn 18 before the next election","si vas a cumplir 18 años antes de la próxima elección"
"IN","Indiana","1","","","0","The state of Indiana does not request information about your race or ethnicity.  However, we would appreciate this information in order to measure the effectiveness of our voter registration efforts.  This information will NOT appear on your printed voter registration form.","Indiana no solicita información acerca de su raza u origen étnico.  Sin embargo, we apreciaría tu información para poder medir la efectividad de nuestros esfuerzos para registrar votantes.  Esta información NO APARECERÁ en tu forma impresa de registro para votar.","0","Indiana law does not permit a person to indicate their party affiliation, if any, as part of their registration record.  You will have to declare your party affiliation prior to voting in a primary election.","La ley de Indiana no les permite a las personas indicar su afiliación partidaria, de existir alguna, como parte de su archivo de registro. Deberá declarar afiliación partidaria antes de votar en una elección primaria.","","","None","Ninguno","6","60","You must provide your ten-digit Indiana driver's license number or Bureau of Motor Vehicles ID number.  If you do not have a driver's license or State of Indiana BMV ID card, please enter the last four digits of your Social Security number.  Please indicate which number was provided.","Debe proporcionar el número de su licencia de conducir de Indiana que consta de diez dígitos. Si no tiene licencia de conducir, debe ingresar los últimos cuatro dígitos de su número de seguro social. Indique cuál número proporcionó.","Election Division<br>Office of the Secretary of State<br>302 West Washington Street, Room E-204<br>Indianapolis, IN 46204-2743","(317) 232-3939","http://www.state.in.us/sos/elections/","if you will turn 18 before the next election","si vas a cumplir 18 años antes de la próxima elección"
"IA","Iowa","1","","","0","The state of Iowa does not request information about your race or ethnicity.  However, we would appreciate this information in order to measure the effectiveness of our voter registration efforts.  This information will NOT appear on your printed voter registration form.","Iowa no solicita información acerca de su raza u origen étnico.  Sin embargo, we apreciaría tu información para poder medir la efectividad de nuestros esfuerzos para registrar votantes.  Esta información NO APARECERÁ en tu forma impresa de registro para votar.","1","You may, but do not have to, register with a party in advance if you want to take part in that party's primary election.  To participate in a primary election or caucus, you must be registered with a party.  You may change or declare a party affiliation at the polls on primary election day or at the caucus location.","Puede, pero no necesita registrarse con un partido por anticipado, si desea participar en la elección primaria, camarilla política o convención de ese partido. Para participar en una elección primaria o camarilla política, debe estar registrado con algún partido. Puede cambiar o declarar una afiliación partidaria en las urnas el día de la elección primaria o en la ubicación de la camarilla política.","Democratic, Independent, Green, Libertarian, Republican, Other","Democrático, Independiente, Verde, Libertario, Republicano, Otros","None","Ninguno","6","60","You must provide your Iowa driver's license number or non-driver identification number.  If you do not have either of those, please provide the last four digits of your Social Security number.  If you do not have a driver's license, identification card, or Social Security number, please enter ""NONE"" and an identification number will be assigned to you by the state.","Debe proporcionar el número de su licencia de conducir de Iowa o su número de identificación. Si no tiene ninguno de estos números, debe proporcionar los últimos cuatro dígitos de su número de seguro social. Si no posee licencia de conducir, una tarjeta de identificación o un número de seguro social, ingrese ""NINGUNO"", y el Estado le asignará un número de identificación.","Elections Division, Office of the Secretary of State<br>Lucas Building -1st Floor<br>321 E. 12th Street<br>Des Moines, IA 50319","(888) 767-8683","http://www.sos.state.ia.us/","six months before your 18th birthday.","seis meses antes que cumples 18 años"
"KS","Kansas","1","","","0","The state of Kansas does not request information about your race or ethnicity.  However, we would appreciate this information in order to measure the effectiveness of our voter registration efforts.  This information will NOT appear on your printed voter registration form.","Kansas no solicita información acerca de su raza u origen étnico.  Sin embargo, we apreciaría tu información para poder medir la efectividad de nuestros esfuerzos para registrar votantes.  Esta información NO APARECERÁ en tu forma impresa de registro para votar.","1","You must register with a party if you want to take part in that party's primary election, caucus, or convention.","Debe registrarse con un partido si desea participar en la elección primaria, camarilla política o convención de ese partido.","Democratic, Independent, Green, Libertarian, Republican, Other","Democrático, Independiente, Verde, Libertario, Republicano, Otros","None","Ninguno","6","60","You must provide your state-issued driver's license number or nondriver's identification card number.  If you do not have a driver's license or nondriver's identification card, you must provide the last four digits of your Social Security number.  If you do not have any of these, please enter ""NONE"" and a unique identifying number will be assigned to you by the state.","Debe proporcionar el número de su licencia de conducir emitido por el Estado o el número de su tarjeta de identificación. Si no tiene licencia de conducir o una tarjeta de identificación, debe proporcionar los últimos cuatro dígitos de su número de seguro social. Si no posee ninguno de estos tipos de identificación, ingrese ""NINGUNO"", y el Estado le asignará un número de identificación único.","Secretary of State<br>1st Floor, Memorial Hall<br>120 SW 10th Ave.<br>Topeka, KS 66612-1594","(785) 796-4564","http://sos.ky.gov/elections/","if you will be 18 before the next general election (which is usually in November)","si cumples 18 años antes de la próxima elección (que es por lo general en noviembre)"
"KY","Kentucky","1","","","0","The state of Kentucky does not request information about your race or ethnicity.  However, we would appreciate this information in order to measure the effectiveness of our voter registration efforts.  This information will NOT appear on your printed voter registration form.","Kentucky no solicita información acerca de su raza u origen étnico.  Sin embargo, we apreciaría tu información para poder medir la efectividad de nuestros esfuerzos para registrar votantes.  Esta información NO APARECERÁ en tu forma impresa de registro para votar.","1","You must register with a party if you want to take part in that party's primary election, caucus, or convention.","Debe registrarse con un partido si desea participar en la elección primaria, camarilla política o convención de ese partido.","Democratic, Independent, Green, Libertarian, Republican, Other","Democrático, Independiente, Verde, Libertario, Republicano, Otros","None","Ninguno","6","60","Your full Social Security number is required.  No person shall be denied the right to register because of failure to include Social Security number.","Debe proporcionar su número de seguro social completo. Si no posee un número de seguro social, ingrese ""NINGUNO"" en el formulario.","State Board of Elections<br>140 Walnut Street<br>Frankfort, KY 40601","(502) 573-7100","http://elect.ky.gov/","when the person will be 18 on or before the next election","si vas a cumplir 18 años antes de la próxima elección"
"LA","Louisiana","1","","","1","The state of Louisiana requests information about your race or ethnicity.  Your application will not be rejected if you fail to provide this information.","Lousiana solicita información acerca de su raza u origen étnico. No rechazarán su solicitud si no incluye esta información.","1","If you do not list a party affiliation, you cannot vote in the Presidential Preference Primary and party committee elections.  Political party affiliation is not required for any other election.","Si no declara una afiliación partidaria, no puede votar en la elección primaria sobre la preferencia presidencial ni en las elecciones de comité del partido. No se requiere partido político para ninguna otra elección.","Democratic, Independent, Green, Libertarian, Republican, Other","Democrático, Independiente, Verde, Libertario, Republicano, Otros","None","Ninguno","6","60","You must provide your Louisiana driver's license number if issued.  If not issued, you must provide at least the last four digits of your Social Security number.  If you do not have a driver's license or a Social Security number, please enter ""NONE"" and the state will assign you an identification number.","Debe proporcionar el número de su licencia de conducir de Louisiana. Si no posee una, debe proporcionar al menos los últimos cuatro dígitos de su número de seguro social. Si no posee licencia de conducir o un número de seguro social, ingrese ""NINGUNO"", y el Estado le asignará un número de identificación.","Secretary of State<br>Attention: Voter Registration<br>P.O. Box 94125<br>Baton Rouge, LA 70804-9125","(225) 922-0900","http://www.sos.louisiana.gov/tabid/68/Default.aspx","once you have turned 17 years old","una vez que cumples 17 años de edad"
"ME","Maine","1","","","0","The state of Maine does not request information about your race or ethnicity.  However, we would appreciate this information in order to measure the effectiveness of our voter registration efforts.  This information will NOT appear on your printed voter registration form.","Maine no solicita información acerca de su raza u origen étnico.  Sin embargo, we apreciaría tu información para poder medir la efectividad de nuestros esfuerzos para registrar votantes.  Esta información NO APARECERÁ en tu forma impresa de registro para votar.","1","You must register with a party if you want to take part in that party's primary election, caucus, or convention (unless otherwise permitted by a political party).","Debe registrarse con un partido si desea participar en la elección primaria, camarilla política o convención de ese partido.","Democratic, Independent, Green, Libertarian, Republican, Other","Democrático, Independiente, Verde, Libertario, Republicano, Otros","None","Ninguno","6","60","You must provide your Maine driver's license number.  If you do not have a driver's license number, please provide the last four digits of your Social Security number.  If you have neither, please enter ""NONE"" and a unique identifying number will be assigned to you.","Debe proporcionar el número de su licencia de conducir de Maine. Si no tiene un número de licencia de conducir, debe proporcionar los últimos cuatro dígitos de su número de seguro social. Si no posee ninguno de estos números, ingrese ""NINGUNO"", y le asignarán un número de identificación única.","Bureau of Corporations, Elections and Commissions<br>101 State House Station<br>Augusta, ME 04333-0101","(207) 642-7736","http://www.state.me.us/sos/cec/elec/","once you turned 17 years old (but you have to be 18 to vote)","una vez que usted haya cumplido 17 años (pero hay que tener 18 años para votar)"
"MD","Maryland","1","","","0","The state of Maryland does not request information about your race or ethnicity.  However, we would appreciate this information in order to measure the effectiveness of our voter registration efforts.  This information will NOT appear on your printed voter registration form.","Maryland no solicita información acerca de su raza u origen étnico.  Sin embargo, we apreciaría tu información para poder medir la efectividad de nuestros esfuerzos para registrar votantes.  Esta información NO APARECERÁ en tu forma impresa de registro para votar.","1","You must register with a party if you want to take part in that party's primary election.","Debe registrarse con un partido si desea participar en la elección primaria, camarilla política o convención de ese partido.","Democratic, Independent, Green, Libertarian, Republican, Other","Democrático, Independiente, Verde, Libertario, Republicano, Otros","None","Ninguno","6","60","If you have a current, valid Maryland driver's license or a Motor Vehicle Administration identification card, you must enter the driver's license or identification number.  If you have neither, you must enter the last four digits of your Social Security number.  If you do not have any of these numbers, please enter ""NONE"" and a unique identifying number will be assigned to you by the state.","Si posee una licencia de conducir de Maryland que sea actual y válida ni una tarjeta de identificación de la Administración de Vehículos Automotores, debe ingresar la licencia de conducir o el número de identificación. Si no posee ninguna de estas identificaciones, debe ingresar los últimos cuatro dígitos de su número de seguro social. Si no posee ninguno de estos números, ingrese ""NINGUNO"", y el Estado le asignará un número de identificación único.","State Board of Elections<br>P.O. Box 6486<br>Annapolis, MD 21401-0486","(800) 222-VOTE","http://www.electionsmaryland.com","if you will turn 18 before the next election","si vas a cumplir 18 años antes de la próxima elección"
"MA","Massachusetts","1","","","0","The state of Massachusetts does not request information about your race or ethnicity.  However, we would appreciate this information in order to measure the effectiveness of our voter registration efforts.  This information will NOT appear on your printed voter registration form.","Massachusetts no solicita información acerca de su raza u origen étnico.  Sin embargo, we apreciaría tu información para poder medir la efectividad de nuestros esfuerzos para registrar votantes.  Esta información NO APARECERÁ en tu forma impresa de registro para votar.","1","If you do not designate a political party, you will be registered as unenrolled (commonly referred to as independent).  Unenrolled voters may participate in party primaries and general elections. There are currently three political parties (Democrat, Republican, Green-Rainbow)","","Democratic, Independent, Green, Libertarian, Republican, Other","Democrático, Independiente, Verde, Libertario, Republicano, Otros","None","Ninguno","6","60","You must provide your Massachusetts driver's license number.  If you do not have a driver's license number, please provide the last four digits of your Social Security number.  If you have neither, please enter ""NONE"" and a unique identifying number will be assigned to you.","Debe proporcionar el número de su licencia de conducir de Massachusetts. Si no tiene un número de licencia de conducir, debe proporcionar los últimos cuatro dígitos de su número de seguro social. Si no posee ninguno de estos números, ingrese ""NINGUNO"", y le asignarán un número de identificación única.","Secretary of the Commonwealth<br>Elections Division<br>McCormack Building, Room 1705<br>One Ashburton Place<br>Boston, MA 02108","(800) 462-VOTE","http://www.sec.state.ma.us/ele","if you will turn 18 before the next election","si vas a cumplir 18 años antes de la próxima elección"
"MI","Michigan","1","","","0","The state of Michigan does not request information about your race or ethnicity.  However, we would appreciate this information in order to measure the effectiveness of our voter registration efforts.  This information will NOT appear on your printed voter registration form.","Michigan no solicita información acerca de su raza u origen étnico.  Sin embargo, we apreciaría tu información para poder medir la efectividad de nuestros esfuerzos para registrar votantes.  Esta información NO APARECERÁ en tu forma impresa de registro para votar.","1","You do not have to register with a political party to register to vote.","No necesita registrarse con un partido político para poder registrarse para votar.","Democratic, Independent, Green, Libertarian, Republican, Other","Democrático, Independiente, Verde, Libertario, Republicano, Otros","None","Ninguno","6","60","You must provide your Michigan driver's license number or state-issued personal identification card number.  If you do not have a driver's license or identification card number, you must provide the last four digits of your Social Security number.  If you do not have any of these forms of identification, please enter ""NONE"" and a unique identifying number will be assigned by the state.","Debe proporcionar el número de su licencia de conducir de Michigan o el número de su tarjeta de identificación personal emitido por el Estado. Si no tiene una licencia de conducir o un número de tarjeta de identificación, debe proporcionar los últimos cuatro dígitos de su número de seguro social. Si no posee ninguno de estos tipos de identificación, ingrese ""NINGUNO"", y el Estado le asignará un número de identificación único.","Michigan Department of State<br>Bureau of Elections<br>P.O. Box 20126<br>Lansing, MI 48901-0726","(517) 373-2540","http://www.michigan.gov/sos/0,1607,7-127-1633---,00.html","if you will turn 18 before the next election","si vas a cumplir 18 años antes de la próxima elección"
"MN","Minnesota","1","","","0","The state of Minnesota does not request information about your race or ethnicity.  However, we would appreciate this information in order to measure the effectiveness of our voter registration efforts.  This information will NOT appear on your printed voter registration form.","Minnesota no solicita información acerca de su raza u origen étnico.  Sin embargo, we apreciaría tu información para poder medir la efectividad de nuestros esfuerzos para registrar votantes.  Esta información NO APARECERÁ en tu forma impresa de registro para votar.","0","","","","","None","Ninguno","6","60","You must provide your Minnesota Driver's License number or State ID number.  If you do not have a driver's license number, please provide the last four digits of your Social Security number.  If you have neither, please enter ""NONE"" and a unique identifying number will be assigned to you.","Debe proporcionar el número de su licencia de conducir de Minnesota. Si no tiene un número de licencia de conducir, debe proporcionar los últimos cuatro dígitos de su número de seguro social. Si no posee ninguno de estos números, ingrese ""NINGUNO"", y le asignarán un número de identificación única.","Secretary of State<br>60 Empire Drive, Suite 100<br>St. Paul, MN 55155-1299","(651) 215-1440","http://www.sos.state.mn.us/home/index.asp?page=134","if you will turn 18 before the next election","si vas a cumplir 18 años antes de la próxima elección"
"MS","Mississippi","1","","","0","The state of Mississippi does not request information about your race or ethnicity.  However, we would appreciate this information in order to measure the effectiveness of our voter registration efforts.  This information will NOT appear on your printed voter registration form.","Mississippi no solicita información acerca de su raza u origen étnico.  Sin embargo, we apreciaría tu información para poder medir la efectividad de nuestros esfuerzos para registrar votantes.  Esta información NO APARECERÁ en tu forma impresa de registro para votar.","1","Mississippi does not have party registration.  Therefore, you do not have to register with a party if you want to take part in that party's primary election, caucus, or convention.","Mississippi no tiene registro partidario. Por consiguiente, no necesita registrarse con un partido si desea participar en la elección primaria, camarilla política o convención de ese partido.","Democratic, Independent, Green, Libertarian, Republican, Other","Democrático, Independiente, Verde, Libertario, Republicano, Otros","None","Ninguno","6","60","You must provide your current and valid driver's license number.  If you do not have one, please provide the last four digits of your Social Security number.  If you have neither a driver's license nor a Social Security number, please enter ""NONE"" and an identification number will be assigned to you by the state.","Debe proporcionar el número de su licencia de conducir que sea actual y válido. Si no posee uno, debe proporcionar los últimos cuatro dígitos de su número de seguro social. Si no posee licencia de conducir ni número de seguro social, ingrese ""NINGUNO"", y el Estado le asignará un número de identificación.","Secretary of State<br>P.O. Box 136<br>Jackson, MS, 39205-0136","(800) 829-6786","http://www.sos.state.ms.us/elections/elections.asp","if you will be 18 before the next general election (which is usually in November)","si cumples 18 años antes de la próxima elección (que es por lo general en noviembre)"
"MO","Missouri","1","","","0","The state of Missouri does not request information about your race or ethnicity.  However, we would appreciate this information in order to measure the effectiveness of our voter registration efforts.  This information will NOT appear on your printed voter registration form.","Missouri no solicita información acerca de su raza u origen étnico.  Sin embargo, we apreciaría tu información para poder medir la efectividad de nuestros esfuerzos para registrar votantes.  Esta información NO APARECERÁ en tu forma impresa de registro para votar.","1","You do not have to register with a party if you want to take part in that party's primary election, caucus, or convention.","No necesita registrarse con un partido político para poder registrarse para votar.","Democratic, Independent, Green, Libertarian, Republican, Other","Democrático, Independiente, Verde, Libertario, Republicano, Otros","None","Ninguno","6","60","You must provide you state-issued driver's license number AND the last four digits of your Social Security number.  If you do not have a driver's license or a Social Security number, please enter ""NONE"" and a unique identifying number will be assigned by the state.","Debe proporcionar el número de su licencia de conducir emitido por el Estado Y los últimos cuatro dígitos de su número de seguro social. Si no posee licencia de conducir ni un número de seguro social, ingrese ""NINGUNO"", y el Estado le asignará un número de identificación único.","Secretary of State<br>P.O. Box 1767<br>Jefferson City, MO 65102-1767","(573) 751-2301","http://www.sos.mo.gov/elections/","six months before your 18th birthday.","seis meses antes que cumples 18 años"
"MT","Montana","1","","","0","The state of Montana does not request information about your race or ethnicity.  However, we would appreciate this information in order to measure the effectiveness of our voter registration efforts.  This information will NOT appear on your printed voter registration form.","Montana no solicita información acerca de su raza u origen étnico.  Sin embargo, we apreciaría tu información para poder medir la efectividad de nuestros esfuerzos para registrar votantes.  Esta información NO APARECERÁ en tu forma impresa de registro para votar.","1","Party registration is not required to participate in any election.","No se requiere registro partidario para participar en ninguna elección.","Democratic, Independent, Green, Libertarian, Republican, Other","Democrático, Independiente, Verde, Libertario, Republicano, Otros","None","Ninguno","6","60","You must provide your Montana driver's license number.  If you do not have a driver's license number, please provide the last four digits of your Social Security number.  If you have neither, please enter ""NONE"" and a unique identifying number will be assigned to you.","Debe proporcionar el número de su licencia de conducir de Montana. Si no tiene un número de licencia de conducir, debe proporcionar los últimos cuatro dígitos de su número de seguro social. Si no posee ninguno de estos números, ingrese ""NINGUNO"", y le asignarán un número de identificación única.","Secretary of State's Office<br><br>P.O. Box 202801 State Capitol<br>Helena, MT 59620-2801","(406) 444-4732","http://sos.mt.gov/elections/index.asp","if you will turn 18 by the next election","si vas a cumplir 18 años antes de la próxima elección"
"NE","Nebraska","1","","","0","The state of Nebraska does not request information about your race or ethnicity.  However, we would appreciate this information in order to measure the effectiveness of our voter registration efforts.  This information will NOT appear on your printed voter registration form.","","1","You must register with a party if you want to take part in that party's primary election, caucus, or convention.","Debe registrarse con un partido si desea participar en la elección primaria de ese partido.","Democratic, Independent, Green, Libertarian, Republican, Other","Democrático, Independiente, Verde, Libertario, Republicano, Otros","None","Ninguno","6","60","You must provide your Nebraska driver's license number.  If you do not have a Nebraska driver's license number, then you must provide the last four digits of your Social Security number.  If you do not have a driver's license or a Social Security number, please enter ""NONE"" and the state will assign you an identification number.","Debe proporcionar el número de su licencia de conducir de Nebraska. Si no tiene un número de licencia de conducir de Nebraska, entonces debe proporcionar los últimos cuatro dígitos de su número de seguro social. Si no posee una licencia de conducir ni un número de seguro social, ingrese ""NINGUNO"", y el Estado le asignará un número de identificación.","Office of the Secretary of State<br>Elections<br>P.O. Box 94608<br>Lincoln, NE 68509-4608","(402) 471-2555","http://www.sos.state.ne.us/elec/","if you will be 18 before the next general election (which is usually in November)","si cumples 18 años antes de la próxima elección (que es por lo general en noviembre)"
"NV","Nevada","1","","","0","The state of Nevada does not request information about your race or ethnicity.  However, we would appreciate this information in order to measure the effectiveness of our voter registration efforts.  This information will NOT appear on your printed voter registration form.","Nevada no solicita información acerca de su raza u origen étnico.  Sin embargo, we apreciaría tu información para poder medir la efectividad de nuestros esfuerzos para registrar votantes.  Esta información NO APARECERÁ en tu forma impresa de registro para votar.","1","You must register with a party if you want to take part in that party's primary election, caucus, or convention.  If you register with a minor political party, or as a Nonpartisan, you will receive a Nonpartisan Ballot for the Primary Election.","Debe registrarse con un partido si desea participar en la elección primaria de ese partido.","Democratic, Independent, Green, Libertarian, Republican, Other","Democrático, Independiente, Verde, Libertario, Republicano, Otros","None","Ninguno","6","60","You must supply a Nevada driver's license number if you have been issued one.  If you do not have a driver's license number, you must provide the last four digits of your Social Security number.  If you do not have a driver's license or a Social Security number, please contact your county clerk to be assigned a unique identifier.","Debe proporcionar un número de licencia de conducir de Nevada si le han emitido uno. Si no tiene un número de licencia de conducir, debe proporcionar los últimos cuatro dígitos de su número de seguro social. Si no tiene una licencia de conducir ni un número de seguro social, comuníquese con el secretario del condado para que le asignen una identificación única.","Secretary of State<br>Elections Division<br>101 North Carson Street Suite 3<br>Carson City, NV 89701-4786","(775) 684-5705","http://nvsos.gov/index.aspx?page=3","if you will turn 18 before the next election","si vas a cumplir 18 años antes de la próxima elección"
"NH","New Hampshire","0","New Hampshire law does not allow you to use this form to register to vote.  For information about registering to vote, contact your town or city clerk.  Contact information for town and city clerks are listed at http://www.state.nh.us/sos/clerks.htm.  You can also contact the Secretary of State at 603-271-3242 or visit http://www.state.nh.us/sos/electionsnew.htm.","La ley de New Hampshire no le permite utilizar este formulario para registrarse para votar. Para obtener información acerca de cómo registrarse para votar, comuníquese con su secretario municipal. La información de contacto para comunicarse con secretarios municipales se encuentra en http://www.state.nh.us/sos/clerks.htm. También puede comunicarse con el Secretario de Estado llamando al 603-271-3242 o visitar http://www.state.nh.us/sos/electionsnew.htm.","","","","","","","","","","","","","","","","","","",""
"NJ","New Jersey","1","","","0","The state of New Jersey does not request information about your race or ethnicity.  However, we would appreciate this information in order to measure the effectiveness of our voter registration efforts.  This information will NOT appear on your printed voter registration form.","New Jersey no solicita información acerca de su raza u origen étnico.  Sin embargo, we apreciaría tu información para poder medir la efectividad de nuestros esfuerzos para registrar votantes.  Esta información NO APARECERÁ en tu forma impresa de registro para votar.","1","You must register with a party to vote in the party's primary election. Primary elections are only held for the Democratic and Republican parties.","Debe registrarse con un partido si desea participar en la elección primaria de ese partido.","Democratic, Independent, Green, Libertarian, Republican, Other","Democrático, Independiente, Verde, Libertario, Republicano, Otros","None","Ninguno","6","60","You must provide your driver's license or an MVC non-driver ID number. If you do not have a driver's license or MVC non-driver ID, the last four digits of your social security number must be provided. If you do not have a driver's license, a MVC non-driver ID, or a social security number, you will have to so affirm on the voter registration form.","Debe proporcionar los últimos cuatro dígitos de su número de seguro social O el número de su licencia de conducir de Nueva Jersey. Si no posee ninguno de estos números de identificación, ingrese ""NINGUNO"", y el Estado le asignará un número para la inscripción en el censo electoral.","New Jersey Department of State<br>Division of Elections<br>PO BOX 304<br>Trenton, NJ 08628-0304","(609) 292-3760","http://www.nj.gov/state/elections/","if you will turn 18 before the next election","si vas a cumplir 18 años antes de la próxima elección"
"NM","New Mexico","1","","","0","The state of New Mexico does not request information about your race or ethnicity.  However, we would appreciate this information in order to measure the effectiveness of our voter registration efforts.  This information will NOT appear on your printed voter registration form.","New Mexico no solicita información acerca de su raza u origen étnico.  Sin embargo, we apreciaría tu información para poder medir la efectividad de nuestros esfuerzos para registrar votantes.  Esta información NO APARECERÁ en tu forma impresa de registro para votar.","1","You must register with a party if you want to take part in that party's primary election, caucus, or convention.","Debe registrarse con un partido si desea participar en la elección primaria de ese partido.","Democratic, Independent, Green, Libertarian, Republican, Other","Democrático, Independiente, Verde, Libertario, Republicano, Otros","None","Ninguno","6","60","You must provide your Social Security number.","Debe proporcionar su número de seguro social. Si no posee un número de seguro social, ingrese ""NINGUNO"", y el Estado le asignará un número de identificación.","Bureau of Elections<br>325 Don Gaspar, Suite 300<br>Santa Fe, NM 87503","(800) 477-3632","http://www.sos.state.nm.us/","if you will turn 18 before the next election","si vas a cumplir 18 años antes de la próxima elección"
"NY","New York","1","","","0","The state of New York does not request information about your race or ethnicity.  However, we would appreciate this information in order to measure the effectiveness of our voter registration efforts.  This information will NOT appear on your printed voter registration form.","New York no solicita información acerca de su raza u origen étnico.  Sin embargo, we apreciaría tu información para poder medir la efectividad de nuestros esfuerzos para registrar votantes.  Esta información NO APARECERÁ en tu forma impresa de registro para votar.","1","You must register with a party if you want to take part in that party's primary election, caucus, or convention.","Debe registrarse con un partido si desea participar en la elección primaria de ese partido.","Democratic, Independent, Green, Libertarian, Republican, Working Families, Other","Democrático, Verde, Libertario, Republicano, Familias Trabajadoras, Otros","None","Ninguno","6","60","You must provide your New York driver's license number.  If you do not have a driver's license number, then you must provide the last four digits of your Social Security number.  If you do not have a driver's license or a Social Security number, please enter ""NONE"" and the state will assign you an identification number.","Debe proporcionar el número de su licencia de conducir de Nueva York. Si no tiene un número de licencia de conducir, entonces debe proporcionar los últimos cuatro dígitos de su número de seguro social. Si no posee licencia de conducir ni un número de seguro social, ingrese ""NINGUNO"", y el Estado le asignará un número de identificación.","NYS Board of Elections<br>40 North Pearl Street, Suite 5<br>Albany, NY 12207-2108","(800) FOR-VOTE","http://www.elections.ny.gov","if you will turn 18 before the next election","si vas a cumplir 18 años antes de la próxima elección"
"NC","North Carolina","1","","","1","The state of North Carolina does not require information about race or ethnicity.","North Carolina requiere información acerca de su raza u origen étnico. No rechazarán su solicitud si no incluye esta información.","1","North Carolina has a semi-closed primary system.  Voters affiliated with a political party may only vote in that party's primary. In a primary, unaffiliated voters may choose to vote either a partisan ballot or a non-partisan ballot.","Debe registrarse con un partido si desea participar en la elección primaria de ese partido.","Democratic, Independent, Green, Libertarian, Republican, Other","Democrático, Independiente, Verde, Libertario, Republicano, Otros","None","Ninguno","6","60","You must provide your North Carolina driver's license number or Department of Motor Vehicles identification number.  If you do not have a driver's license or identification number, you must provide the last four digits of your Social Security number.  If you do not have any of these, enter ""NONE"" and the state will assign you an identification number.","Debe proporcionar el número de su licencia de conducir de Carolina del Norte o el número de identificación del Departamento de Vehículos Automotores. Si no tiene licencia de conducir ni un número de identificación, debe proporcionar los últimos cuatro dígitos de su número de seguro social. Si no posee ninguna de estas identificaciones, ingrese ""NINGUNO"", y el Estado le asignará un número de identificación.","State Board of Elections<br>P.O. Box 27255<br>Raleigh, NC 27611-7255","(919) 733-7173","http://www.sboe.state.nc.us/","if you will turn 18 before the next election","si vas a cumplir 18 años antes de la próxima elección"
"ND","North Dakota","0","North Dakota does not have voter registration. For more information, contact your Secretary of State at 701-328-3660 or visit http://www.nd.gov/sos.","North Dakota no tiene registro de votantes. Para obtener más información, comuníquese con su Secretario de Estado llamando al 701-328-3660 o visite http://www.nd.gov/sos.","","","","","","","","","","","","","","","","","","",""
"OH","Ohio","1","","","0","The state of Ohio does not request information about your race or ethnicity.  However, we would appreciate this information in order to measure the effectiveness of our voter registration efforts.  This information will NOT appear on your printed voter registration form.","Ohio no solicita información acerca de su raza u origen étnico.  Sin embargo, we apreciaría tu información para poder medir la efectividad de nuestros esfuerzos para registrar votantes.  Esta información NO APARECERÁ en tu forma impresa de registro para votar.","1","Party affiliation is not a component of voter registration. You declare your party affiliation by requesting the ballot of a political party in a partisan primary election.","No necesita registrarse con un partido si desea participar en la elección primaria de ese partido. La afiliación partidaria se establece al votar en una elección primaria.","Democratic, Independent, Green, Libertarian, Republican, Other","Democrático, Independiente, Verde, Libertario, Republicano, Otros","None","Ninguno","6","60","Your Social Security number is requested.  Providing this information is voluntary.   If you do not provide your Social Security number, you must enter your driver's license number or the last four digits of your Social Security number.  If you don't have either number, please enter ""NONE"" and the state will assign you a number.","Debe proporcionar su número de seguro social. No es obligatorio proporcionar esta información. Si no proporciona su número de seguro social, debe ingresar el número de su licencia de conducir o los últimos cuatro dígitos de su número de seguro social. Si no posee ninguno de estos números, ingrese ""NINGUNO"", y el Estado le asignará un número.","Secretary of State of Ohio<br>Elections Division<br>180 E. Broad Street - 15th Floor<br>Columbus, OH 43215","(614) 466-2585","http://www.sos.state.oh.us/elections.aspx","if you will turn 18 before the next election in November","si vas a cumplir 18 años antes de las próximas elecciones en noviembre"
"OK","Oklahoma","1","","","0","The state of Oklahoma does not request information about your race or ethnicity.  However, we would appreciate this information in order to measure the effectiveness of our voter registration efforts.  This information will NOT appear on your printed voter registration form.","Oklahoma no solicita información acerca de su raza u origen étnico.  Sin embargo, we apreciaría tu información para poder medir la efectividad de nuestros esfuerzos para registrar votantes.  Esta información NO APARECERÁ en tu forma impresa de registro para votar.","1","You must register with a party if you want to take part in that party's primary election, caucus, or convention.","Debe registrarse con un partido si desea participar en la elección primaria de ese partido.","Democratic, Independent, Green, Libertarian, Republican, Other","Democrático, Independiente, Verde, Libertario, Republicano, Otros","None","Ninguno","6","60","The last four digits of your Social Security number is required.  The state also requests your Oklahoma driver's license number.  If you do not have either number, please enter ""NONE"" and the state will assign an identification number to you.","Debe proporcionar los últimos cuatro dígitos de su número de seguro social. El Estado también solicita el número de su licencia de conducir de Oklahoma. Si no posee ninguno de estos números, ingrese ""NINGUNO"", y el Estado le asignará un número de identificación.","Oklahoma State Election Board<br>P.O. Box 528800<br>Oklahoma City, OK 73152-8800","(405) 521-2391","http://www.oklaosf.state.ok.us/~elections/","if it is 60 days before the next election and you will be 18 years old by that election (usually in November)","si son 60 días antes de las próximas elecciones y tendrás 18 años en el dia de la elección (que es generalmente en noviembre)"
"OR","Oregon","1","","","0","The state of Oregon does not request information about your race or ethnicity.  However, we would appreciate this information in order to measure the effectiveness of our voter registration efforts.  This information will NOT appear on your printed voter registration form.","Oregon no solicita información acerca de su raza u origen étnico.  Sin embargo, we apreciaría tu información para poder medir la efectividad de nuestros esfuerzos para registrar votantes.  Esta información NO APARECERÁ en tu forma impresa de registro para votar.","1","You must register with a party if you want to take part in that party's primary election.","Debe registrarse con un partido si desea participar en la elección primaria de ese partido.","Democratic, Independent, Green, Libertarian, Republican, Other","Democrático, Independiente, Verde, Libertario, Republicano, Otros","None","Ninguno","6","60","You must provide your Oregon driver's license number.  If you do not have a driver's license number, then you must provide the last four digits of your Social Security number.  If you do not have a driver's license or a Social Security number, please enter","Debe proporcionar el número de su licencia de conducir de Oregon. Si no tiene un número de licencia de conducir, entonces debe proporcionar los últimos cuatro dígitos de su número de seguro social. Si no posee licencia de conducir ni un número de seguro social, ingrese ""NINGUNO"", y el Estado le asignará un número de identificación.","Secretary of State<br>Elections Division<br>255 Capitol St. NE, Suite 501<br>Salem, OR 97310-0722","(503) 986-1518","http://www.sos.state.or.us/elections/","once you have turned 17 years old","una vez que cumples 17 años de edad"
"PA","Pennsylvania","1","","","1","The state of Pennsylvania requests information about your race or ethnicity.","Pennsylvania solicita información acerca de su raza u origen étnico.","1","You must register with a party if you want to take part in that party's primary election.","Debe registrarse con un partido si desea participar en la elección primaria de ese partido.","Democratic, Independent, Green, Libertarian, Republican, Other","Democrático, Independiente, Verde, Libertario, Republicano, Otros","None","Ninguno","6","60","You must provide your driver's license number, if you have one.  If you do not have a driver's license number, you must provide the last four digits of your Social Security number.  If you do not have either number, check the box beside","Debe proporcionar el número de su licencia de conducir. Si no tiene un número de licencia de conducir, debe proporcionar los últimos cuatro dígitos de su número de seguro social. Si no posee ninguno de estos números, ingrese ""NINGUNO"" en la casilla.","Pennsylvania Department of State<br>Bureau of Commissions, Elections & Legislation<br> Room 210 North Office Building<br>Harrisburg, PA 17120","(717) 787-5280","http://www.dos.state.pa.us/BCEL/site/default.asp","if you will turn 18 before the next election","si vas a cumplir 18 años antes de la próxima elección"
"RI","Rhode Island","1","","","0","The state of Rhode Island does not request information about your race or ethnicity.  However, we would appreciate this information in order to measure the effectiveness of our voter registration efforts.  This information will NOT appear on your printed voter registration form.","Rhode Island no solicita información acerca de su raza u origen étnico.  Sin embargo, we apreciaría tu información para poder medir la efectividad de nuestros esfuerzos para registrar votantes.  Esta información NO APARECERÁ en tu forma impresa de registro para votar.","1","If you want to affiliate to vote, list the party. If you leave the box blank or list an unrecognized political party, you will be listed as unaffiliated.","Debe registrarse con un partido si desea participar en la elección primaria de ese partido.","Democratic, Independent, Green, Libertarian, Republican, Other","Democrático, Independiente, Verde, Libertario, Republicano, Otros","None","Ninguno","6","60","You must provide your Rhode Island driver's license number if you have been issued a current and valid driver's license.  If you have not been issued a current and valid driver's license, then you must provide the last four digits of your Social Security number.  If you do not have a driver's license or a Social Security number, please enter ""NONE"" and the state will assign you an identification number.","Debe proporcionar el número de su licencia de conducir de Rhode Island si le han emitido una licencia de conducir que sea actual y válida. En caso contrario, debe proporcionar los últimos cuatro dígitos de su número de seguro social. Si no posee licencia de conducir ni un número de seguro social, ingrese ""NINGUNO"", y el Estado le asignará un número de identificación.","Rhode Island State Board of Elections<br>50 Branch Avenue<br>Providence, RI 02904","(401) 222-2345","http://www.elections.state.ri.us/","if you will turn 18 before the next election","si vas a cumplir 18 años antes de la próxima elección"
"SC","South Carolina","1","","","1","The state of South Carolina requires information about your race or ethnicity.","South Carolina requiere información acerca de su raza u origen étnico. No rechazarán su solicitud si no incluye esta información.","1","You do not have to register with a party if you want to take part in that party's primary election, caucus, or convention.","","Democratic, Independent, Green, Libertarian, Republican, Other","Democrático, Independiente, Verde, Libertario, Republicano, Otros","None","Ninguno","6","60","Your full Social Security number is required.  If you do not have a Social Security number, enter","Debe proporcionar su número de seguro social completo. (Si no posee un número de seguro social, ingrese ""NINGUNO"", y el Estado le asignará un número de identificación).","State Election Commission<br>P.O. Box 5987<br>Columbia, SC 29250-5987","(803) 734-9060","http://www.scvotes.org/","if you will turn 18 before the next election","si vas a cumplir 18 años antes de la próxima elección"
"SD","South Dakota","1","","","0","The state of South Dakota does not request information about your race or ethnicity.  However, we would appreciate this information in order to measure the effectiveness of our voter registration efforts.  This information will NOT appear on your printed voter registration form.","South Dakota no solicita información acerca de su raza u origen étnico.  Sin embargo, we apreciaría tu información para poder medir la efectividad de nuestros esfuerzos para registrar votantes.  Esta información NO APARECERÁ en tu forma impresa de registro para votar.","1","You must register with a party if you want to take part in that party's primary election, caucus, or convention.","","Democratic, Independent, Green, Libertarian, Republican, Other","Democrático, Independiente, Verde, Libertario, Republicano, Otros","None","Ninguno","6","60","Your driver's license number is required.  If you do not have a valid driver's license, you must provide the last four digits of your Social Security number.  If you do not have either a driver's license or a Social Security number, you must register at your county auditor's office and sign a statement verifying the fact that you have neither a South Dakota driver's license nor Social Security number.","Debe proporcionar el número de su licencia de conducir. Si no tiene una licencia de conducir válida, debe proporcionar los últimos cuatro dígitos de su número de seguro social. (Si no posee licencia de conducir ni un número de seguro social, ingrese ""NINGUNO"", y el Estado le asignará un número de identificación).","Elections, Secretary of State<br>500 E. Capitol, Suite 204<br>Pierre, SD 57501-5070","(605) 773-3537","http://sdsos.gov/Elections/Default.aspx","if you will turn 18 before the next election","si vas a cumplir 18 años antes de la próxima elección"
"TN","Tennessee","1","","","1","The state of Tennessee requests information about your race or ethnicity, but it is not required.","Tennessee solicita información acerca de su raza u origen étnico. No rechazarán su solicitud si no incluye esta información.","1","Tennessee does not register by political party. When you wish to vote in a primary election, you will have to declare a party at that time.","No necesita registrarse con un partido político para poder registrarse para votar.","Democratic, Independent, Green, Libertarian, Republican, Other","Democrático, Independiente, Verde, Libertario, Republicano, Otros","None","Ninguno","6","60","Your full Social Security number is required.  (If you do not have a Social Security number, enter ""NONE"" and the state will assign you an identification number.)","Debe proporcionar su número de seguro social completo. (Si no posee un número de seguro social, ingrese ""NINGUNO"", y el Estado le asignará un número de identificación).","Coordinator of Elections<br>Tennessee Tower, Ninth Floor<br>312 Rosa L. Parks Avenue<br>Nashville, TN 37243","(615) 741-7956","http://www.state.tn.us/sos/election/index.htm","if you will turn 18 before the next election","si vas a cumplir 18 años antes de la próxima elección"
"TX","Texas","1","","","0","The state of Texas does not request information about your race or ethnicity.  However, we would appreciate this information in order to measure the effectiveness of our voter registration efforts.  This information will NOT appear on your printed voter registration form.","Texas no solicita información acerca de su raza u origen étnico.  Sin embargo, we apreciaría tu información para poder medir la efectividad de nuestros esfuerzos para registrar votantes.  Esta información NO APARECERÁ en tu forma impresa de registro para votar.","1","You do not have to register with a party if you want to take part in that party's primary election, caucus, or convention.","No necesita registrarse con un partido político para poder registrarse para votar.","Democratic, Independent, Green, Libertarian, Republican, Other","Democrático, Independiente, Verde, Libertario, Republicano, Otros","None","Ninguno","6","60","You must provide your driver's license number.  If you do not have a driver's license number, you must provide the last four digits of your Social Security number.  If you do not have either number, enter ""NONE"" and a unique identifying number will be assigned to you by the state.","Debe proporcionar el número de su licencia de conducir. Si no tiene un número de licencia de conducir, debe proporcionar los últimos cuatro dígitos de su número de seguro social. Si no posee ninguno de estos números, ingrese ""NINGUNO"", y el Estado le asignará un número de identificación único.","Office of the Secretary of State<br>Elections Division<br>P.O. Box 12060<br>Austin, TX 78711-2060","(800) 252-VOTE","http://www.sos.state.tx.us/elections/index.shtml","two months before your 18th birthday","dos meses antes que cumples 18 años"
"UT","Utah","1","","","0","The state of Utah does not request information about your race or ethnicity.  However, we would appreciate this information in order to measure the effectiveness of our voter registration efforts.  This information will NOT appear on your printed voter registration form.","Utah no solicita información acerca de su raza u origen étnico.  Sin embargo, we apreciaría tu información para poder medir la efectividad de nuestros esfuerzos para registrar votantes.  Esta información NO APARECERÁ en tu forma impresa de registro para votar.","1","Utah's election law allows each political party to choose whom it will allow to vote in its primary election.  If you do not affiliate with a party, you may be restricted from voting in the primary.","El derecho electoral de Utah permite que cada partido político elija a quién le permitirá votar en sus elecciones primarias. Si no se afilia a un partido, es probable que no le permitan votar en la elección primaria.","Democratic, Independent, Green, Libertarian, Republican, Other","Democrático, Independiente, Verde, Libertario, Republicano, Otros","None","Ninguno","6","60","You must provide your state-issued driver's license number or non-operating identification license number.  If you do not have a driver's license or non-operating identification number, you must provide the last four digits of your Social Security number.  If you do not have any of these forms of identification, please enter ""NONE"" and a unique identifying number will be assigned by the state.","Debe proporcionar el número de su licencia de conducir emitido por el Estado o un número de licencia de identificación no operativa. Si no tiene licencia de conducir ni un número de identificación no operativa, debe proporcionar los últimos cuatro dígitos de su número de seguro social. Si no posee ninguno de estos tipos de identificación, ingrese ""NINGUNO"", y el Estado le asignará un número de identificación único.","Office of the Lieutenant Governor<br>P.O. Box 142325<br>Salt Lake City, UT 84114","(800) 995-VOTE","http://elections.utah.gov/","",""
"VT","Vermont","1","","","0","The state of Vermont does not request information about your race or ethnicity.  However, we would appreciate this information in order to measure the effectiveness of our voter registration efforts.  This information will NOT appear on your printed voter registration form.","Vermont no solicita información acerca de su raza u origen étnico.  Sin embargo, we apreciaría tu información para poder medir la efectividad de nuestros esfuerzos para registrar votantes.  Esta información NO APARECERÁ en tu forma impresa de registro para votar.","1","Vermont Laws do not allow party registration to participate in any election.","Vermont no requiere registro partidario para participar en una elección.","Democratic, Independent, Green, Libertarian, Republican, Other","Democrático, Independiente, Verde, Libertario, Republicano, Otros","None","Ninguno","6","60","You must provide your driver's license number.  If you do not have a driver's license number, you must provide the last four digits of your Social Security number.  If you do not have either number, enter ""NONE"" and a unique identifying number will be assigned to you by the state.","Debe proporcionar el número de su licencia de conducir. Si no tiene un número de licencia de conducir, debe proporcionar los últimos cuatro dígitos de su número de seguro social. Si no posee ninguno de estos números, ingrese ""NINGUNO"", y el Estado le asignará un número de identificación único.","Secretary of State<br>Elections Division<br>128 State Street<br>Montpelier, VT 05633-1101","(802) 828-2464","http://vermont-elections.org/","if you will turn 18 before the next election","si vas a cumplir 18 años antes de la próxima elección"
"VA","Virginia","1","","","0","The Commonwealth of Virginia does not request information about your race or ethnicity.  However, we would appreciate this information in order to measure the effectiveness of our voter registration efforts.  This information will NOT appear on your printed voter registration form.","Virginia no solicita información acerca de su raza u origen étnico.  Sin embargo, we apreciaría tu información para poder medir la efectividad de nuestros esfuerzos para registrar votantes.  Esta información NO APARECERÁ en tu forma impresa de registro para votar.","1","You do not have to register with a party if you want to take part in that party's primary election, caucus, or convention. However, if you are eligible to vote absentee and wish to participate in a party primary, your absentee ballot application must identify the party for which primary ballots should be sent.","No necesita registrarse con un partido político para poder registrarse para votar.","Democratic, Independent, Green, Libertarian, Republican, Other","Democrático, Independiente, Verde, Libertario, Republicano, Otros","None","Ninguno","6","60","Your full Social Security number is required.","Debe proporcionar su número de seguro social completo. (Si no posee un número de seguro social, ingrese ""NINGUNO"", y el Estado le asignará un número de identificación).","State Board of Elections<br>Washington Building<br>1100 Bank Street<br>Richmond, VA 23219","(804) 786-6551","http://www.sbe.state.va.us/","if you will turn 18 before the next election","si vas a cumplir 18 años antes de la próxima elección"
"WA","Washington","1","","","0","The state of Washington does not request information about your race or ethnicity.  However, we would appreciate this information in order to measure the effectiveness of our voter registration efforts.  This information will NOT appear on your printed voter registration form.","Washington no solicita información acerca de su raza u origen étnico.  Sin embargo, we apreciaría tu información para poder medir la efectividad de nuestros esfuerzos para registrar votantes.  Esta información NO APARECERÁ en tu forma impresa de registro para votar.","1","Washington State does not register voters according to political party.","No necesita designar su afiliación partidaria para registrarse como votante en Washington.","Democratic, Independent, Green, Libertarian, Republican, Other","Democrático, Independiente, Verde, Libertario, Republicano, Otros","None","Ninguno","6","60","You must provide your Washington driver's license number or state identification card.  If you do not have a driver's license number, then you must provide the last four digits of your Social Security number.  If you do not have a driver's license or a Social Security number, you will be registered to vote, but must provide alternate identification when casting your first ballot.","Debe proporcionar el número de su licencia de conducir de Washington. Si no tiene un número de licencia de conducir, entonces debe proporcionar los últimos cuatro dígitos de su número de seguro social. (Si no posee licencia de conducir ni un número de seguro social, ingrese ""NINGUNO"", y el Estado le asignará un número de identificación).","Secretary of State<br>Voter Registration by Mail<br>P.O. Box 40229<br>Olympia, WA 98504-0229","(360) 902-4180","http://www.secstate.wa.gov/elections/","if you will turn 18 before the next general election (which is usually in November)","si cumples 18 años antes de la próxima elección (que es por lo general en noviembre)"
"WV","West Virginia","1","","","0","The state of West Virginia does not request information about your race or ethnicity.  However, we would appreciate this information in order to measure the effectiveness of our voter registration efforts.  This information will NOT appear on your printed voter registration form.","West Virginia no solicita información acerca de su raza u origen étnico.  Sin embargo, we apreciaría tu información para poder medir la efectividad de nuestros esfuerzos para registrar votantes.  Esta información NO APARECERÁ en tu forma impresa de registro para votar.","1","You must register with a party if you want to take part in that party's primary election, caucus, or convention (unless you request the ballot of a party which allows independents to vote).","Debe registrarse con un partido si desea participar en la elección primaria, camarilla política o convención de ese partido (excepto que solicite la boleta de un partido que permita que voten las personas independientes).","Democratic, Independent, Green, Libertarian, Republican, Other","Democrático, Independiente, Verde, Libertario, Republicano, Otros","None","Ninguno","6","60","You must provide your driver's license or non-driver ID number.  If you do not have a driver's license or non-driver ID number, then you must provide the last four digits of your Social Security number.  If you do not have a driver's license or a Social Security number, please enter ""NONE"" and the state will assign you an identification number for the purposes of voting.","Debe proporcionar el número de su licencia de conducir. Si no tiene un número de licencia de conducir, entonces debe proporcionar los últimos cuatro dígitos de su número de seguro social. Si no posee licencia de conducir ni un número de seguro social, ingrese ""NINGUNO"", y el Estado le asignará un número de identificación.","Secretary of State<br>Building 1, Suite 157-K<br>1900 Kanawha Blvd. East<br>Charleston, WV 25305-0770","(304) 558-6000","http://www.sos.wv.gov/elections/Pages/default.aspx","if you will turn 18 before the next election","si vas a cumplir 18 años antes de la próxima elección"
"WI","Wisconsin","1","","","0","The state of Wisconsin does not request information about your race or ethnicity.  However, we would appreciate this information in order to measure the effectiveness of our voter registration efforts.  This information will NOT appear on your printed voter registration form.","Wisconsin no solicita información acerca de su raza u origen étnico.  Sin embargo, we apreciaría tu información para poder medir la efectividad de nuestros esfuerzos para registrar votantes.  Esta información NO APARECERÁ en tu forma impresa de registro para votar.","1","You are not required to designate your party affiliation to register to vote in Wisconsin.","No necesita designar su afiliación partidaria para registrarse como votante en Wisconsin.","Democratic, Independent, Green, Libertarian, Republican, Other","Democrático, Independiente, Verde, Libertario, Republicano, Otros","None","Ninguno","6","60","If you have been issued and have a current and valid WI driver's license or WI DOT-issued identification card (ID), you must provide the number. If you have been issued a WI driver's license, which is revoked, suspended, or expired, please provide the number and the last 4 digits of your social security number. If you have not been issued a WI driver's license or a WI DOT-issued ID, you must provide the last 4 digits of your social security number. If you do not have a WI driver's license, a WI DOT-issued ID or a social security number, indicate that fact by filling in the appropriate circle.","Debe proporcionar el número de su licencia de conducir. Si no posee una licencia de conducir que sea actual y válida, ingrese los últimos cuatro dígitos de su número de seguro social o el número completo de la tarjeta de identificación emitido por el Departamento de Transporte. (Si no posee ninguno de estos números, ingrese ""NINGUNO"", y el Estado le asignará un número de identificación).","Government Accountability Board<br>P.O. Box 7984<br>Madison, WI 53707-7984","(608) 266-8005","http://elections.state.wi.us/","if you are 17 and will turn 18 before the next election","Si tienes 17 anos y vas a cumplir 18 años antes de las próximas elecciones."
"WY","Wyoming","0","Wyoming law does not allow you to use this form to register to vote.  To learn more about registering to vote in Wyoming, please contact the county clerk where you live.  Contact information can be found at http://soswy.state.wy.us/election/clerks.htm or by calling 307-777-3573.","La ley de Wyoming no le permite utilizar este formulario para registrarse para votar. Para obtener más información acerca de cómo registrarse para votar en Wyoming, comuníquese con el secretario del condado donde vive. Encontrará información de contacto en http://soswy.state.wy.us/election/clerks.htm o llamando al 307-777-3573.","","","","","","","","","","","","","","","","","","if you will turn 18 before the next election","si vas a cumplir 18 años antes de la próxima elección"
